Model,Mean Absolute Error (MAE),Root Mean Square (RMS),Standart Deviation
Baseline,360.83693233554055,779.4618179831107,779.4610748721552
Trainning,80.63139,242.29843,242.04227
Validation,80.69328,170.67635,169.91908
Test,72.21855,221.07123602606794,221.04446876703216
