Model,Mean Absolute Error (MAE),Root Mean Square (RMS),Standart Deviation
Baseline,360.83693233554055,779.4618179831107,779.4610748721552
Trainning,79.78678,241.22183,240.95421
Validation,79.911026,169.24777,168.58179
Test,72.33616,221.51288995010844,221.38546155302535
