Model,Mean Absolute Error (MAE),Root Mean Square (RMS),Standart Deviation
Baseline,85.0538115344946,190.6082067914932,190.6079956016728
Trainning,17.911034,55.939613,55.87475
Validation,17.976145,38.392933,38.267227
Test,16.08688,49.45869210387255,49.454050571602
