Model,Mean Absolute Error (MAE),Root Mean Square (RMS),Standart Deviation
Baseline,85.0538115344946,190.6082067914932,190.6079956016728
Trainning,18.925436,57.104137,57.04772
Validation,18.797737,39.411873,39.16665
Test,16.428947,49.632274769655986,49.626506241819214
