Model,Mean Absolute Error (MAE),Root Mean Square (RMS),Standart Deviation
Baseline,85.0538115344946,190.6082067914932,190.6079956016728
Trainning,18.686398,56.81417,56.756683
Validation,18.599907,39.137436,38.95292
Test,15.978168,49.43392575790594,49.38399880129679
