Model,Mean Absolute Error (MAE),Root Mean Square (RMS),Standart Deviation
Baseline,360.83693233554055,779.4618179831107,779.4610748721552
Trainning,78.50817,239.8411,239.56851
Validation,78.41145,167.93211,167.41992
Test,72.95681,220.89027828175855,220.88637318266595
