Model,Mean Absolute Error (MAE),Root Mean Square (RMS),Standart Deviation
Baseline,360.83693233554055,779.4618179831107,779.4610748721552
Trainning,77.53998,238.4167,238.15764
Validation,77.09187,166.78767,166.3424
Test,72.43742,220.70801825033445,220.7080041719184
