Model,Mean Absolute Error (MAE),Root Mean Square (RMS),Standart Deviation
Baseline,85.0538115344946,190.6082067914932,190.6079956016728
Trainning,18.198795,56.29505,56.219124
Validation,18.1128,38.64516,38.489292
Test,16.101448,49.447339621334194,49.441801344033216
