Model,Mean Absolute Error (MAE),Root Mean Square (RMS),Standart Deviation
Baseline,360.83693233554055,779.4618179831107,779.4610748721552
Trainning,81.362625,243.56128,243.30276
Validation,80.85848,171.05664,170.219
Test,77.04564,225.33726424038053,225.327420612286
